paper,title,affiliation,author
s72-2,1D車両システムモデルを活用したハイブリッド車両の最適な熱及びパワーマネージメント制御の検討,マツダ,noname
s72-2,1D車両システムモデルを活用したハイブリッド車両の最適な熱及びパワーマネージメント制御の検討,早稲田大学,noname
s64-3,2-D Numerical Modeling on the Urea SCR Catalyst Installed in a Diesel Engine,Waseda University,noname
s69-3,3次元デジタル画像相関法を用いたタイヤ試験における振動解析,構造計画研究所,noname
s69-3,3次元デジタル画像相関法を用いたタイヤ試験における振動解析,高知工科大学,noname
s69-3,3次元デジタル画像相関法を用いたタイヤ試験における振動解析,小野測器,noname
s48-2,3次元形状生成AIの解釈性に基づく自動車空力開発の検討,トヨタ自動車,noname
s39-1,3次元燃料電池シミュレーションによるセル設計と性能・耐久性予測,みずほリサーチ&amp;テクノロジーズ,noname
s41-3,450kW走行中充電インフラのバス高速輸送システム（BRT）への適用方法の研究,日本自動車研究所,noname
s41-3,450kW走行中充電インフラのバス高速輸送システム（BRT）への適用方法の研究,本田技術研究所,noname
s71-2,4輪インホイールモータのトルク制御に基づくスリップ率推定手法の開発,日立製作所,noname
s48-4,6 Bar Link Operation Analysis Using Multi-body Dynamics,DAEDONG HI-LEX,noname
s48-4,6 Bar Link Operation Analysis Using Multi-body Dynamics,Hyundai Motors Namyang Laboratory,noname
s78-2,A Comprehensive Approach to Hydrogen Vehicle Crash Testing Challenges,Applus+ IDIADA,noname
s44-3,A Hybrid BEM-SEA Approach to Assess and Mitigate AVAS-Induced Cabin Noise: Balancing Safety and Comfort,ESI Group a part of Keysight Technologies,noname
s48-1,A Research for AI driven Advanced Performance Evaluation of Exterior Closure System,Hyundai Motor,noname
s46-5,A Review on Inverter Testing Methodologies for Electric Vehicle Industry,Applus IDIADA,noname
s57-1,A simulative investigation for transient engine development involving methanol and ammonia fuel blends,Guangdong Technion Israel Institute of Technology,noname
s84-1,A Study of Haptic Simulator for Virtual Door Open &amp; Close Feeling Test,Hyundai Motor,noname
s84-1,A Study of Haptic Simulator for Virtual Door Open &amp; Close Feeling Test,KAIST,noname
s18-3,A Study on Harmonic Performance for EV SUV Aftershock Improvement<br>-In View of Frequency Seperation and Bushing Cahracteristics-,DH R&amp;T Company,noname
s18-3,A Study on Harmonic Performance for EV SUV Aftershock Improvement<br>-In View of Frequency Seperation and Bushing Cahracteristics-,Hyundai Motor,noname
s18-3,A Study on Harmonic Performance for EV SUV Aftershock Improvement<br>-In View of Frequency Seperation and Bushing Cahracteristics-,PH Company,noname
s84-5,A Study on Optimal Energy use for operating moving parts in vehicle,Hyundai Motor,noname
s29-7,A Study on the change of bio-signals under driver stress,Hyundai Motor,noname
s29-7,A Study on the change of bio-signals under driver stress,UNIST,noname
s69-1,A Study on the Fail-Safe Technology of the Tire Built-in Sensor Using the Tire Deformation Model,Chungnam National University,noname
s69-1,A Study on the Fail-Safe Technology of the Tire Built-in Sensor Using the Tire Deformation Model,Illinois Institute of Technology,noname
s49-5,A Study on the Multifunctional Protection Bumper cover of Autonomous Driving Sensor,Hyundai Motor,noname
s24-1,A Study on the Optimization of Door BIW Structure Using Thin Casting Method,Hyundai Motor,noname
s22-6,A Study on Vaporizing foil actuator welding (VFAW) for steel-aluminum dissimilar metals joining without hardware,Hyundai Motor,noname
s22-6,A Study on Vaporizing foil actuator welding (VFAW) for steel-aluminum dissimilar metals joining without hardware,Incheon National University,noname
s23-3,Advanced numerical method for weight optimization under consideration of integrated and innovative design trends,FEV Group,noname
s23-3,Advanced numerical method for weight optimization under consideration of integrated and innovative design trends,FEV Japan,noname
s23-3,Advanced numerical method for weight optimization under consideration of integrated and innovative design trends,FEV Vehicle GmbH,noname
s80-3,Advancing Automated Driving Systems development and safety evaluation with the Automated Mobility Partnership,Global Center for Automotive Performance Simulation,noname
s80-3,Advancing Automated Driving Systems development and safety evaluation with the Automated Mobility Partnership,Virginia Tech Transportation Institute,noname
s81-7,AI-based low pressure fuel pump pressure sensor prediction model by Super TML,Hyundai Motor,noname
s27-2,AI-Formulaにおける自動走行システムのための視覚ベース制御,群馬大学,noname
s27-2,AI-Formulaにおける自動走行システムのための視覚ベース制御,工学院大学,noname
s23-4,AIサロゲートを用いた構造体強度開発のプロセス効率化,マツダ,noname
s23-4,AIサロゲートを用いた構造体強度開発のプロセス効率化,広島大学,noname
s27-1,AIフォーミュラ開催に向けた取り組み,本田技術研究所,noname
s37-3,Al-接着剤界面の引張試験中でのマルチスケールCT観察,九州大学,noname
s37-3,Al-接着剤界面の引張試験中でのマルチスケールCT観察,高輝度光科学研究センター,noname
s37-3,Al-接着剤界面の引張試験中でのマルチスケールCT観察,日産アーク,noname
s80-5,Analysis of Causes for Single Motorcycle Accidents in Hilly and Mountainous Areas Using Motorcycle Driving Simulator,Suwa University of Science,noname
s66-2,Analysis of Real Driving Emissions Measurements During Adverse Weather Conditions Using a Laser Spectroscopy Based Portable Emissions Measurement System,HORIBA,noname
s55-2,AOIプロジェクト燃料を使った希釈・希薄燃焼時のWLTC走行時の車両燃費予測,茨城大学,noname
s55-2,AOIプロジェクト燃料を使った希釈・希薄燃焼時のWLTC走行時の車両燃費予測,千葉大学,noname
s75-1,Application of the Momentum Algorithm for Active Noise Control<br>-Fast Convergence for the HVAC Compressor Noise in an Autonomous Bus-,Inha University Department of Mechanical Engineering,noname
s11-1,Assessing automotive cybersecurity vulnerabilities with generative adversarial networks,IDIADA Automotive Technology SA,noname
s84-4,Assessing Driver Engagement in a Driving Simulator,Applus+ IDIADA,noname
s19-2,Asymmetry of tire vibration as a source of road noise,Ishihamagiken Consulting,noname
s30-2,Automotive towards SDV - Challenges and opportunities in ADAS&amp;AV features,IDIADA Automotive,noname
s67-4,BEVにおける熱マネジメントシステムの1Dモデル開発,DENSO Automotive Systems Australia,noname
s67-4,BEVにおける熱マネジメントシステムの1Dモデル開発,デンソー,noname
s56-4,Brake Emission Reduction Approaches under the impact of EU7,AVL Japan K.K.,noname
s56-4,Brake Emission Reduction Approaches under the impact of EU7,AVL List GmbH Graz,noname
s25-2,Building trust in collaborative simulations,ESI,noname
s25-2,Building trust in collaborative simulations,IRT SystemX,noname
s36-4,CARLAによるインフラLiDARのシミュレーションと歩行者の検出,金沢大学,noname
s8-6,CFDを用いたワイパー作動時のウォッシャ液流れ予測手法,ダッソーシステムズ株式会社,noname
s8-6,CFDを用いたワイパー作動時のウォッシャ液流れ予測手法,トヨタ自動車,noname
s10-2,Challenges and Innovations in Sustainable Urban Vehicle Design.,A43581610,noname
s71-5,Changes in dQ/dV depending on battery abnormalities,Hyundai Motor,noname
s33-5,Clarification of the Mechanism of Abnormal Combustion in Hydrogen Engines (Part I: Investigation of Abnormal Combustion Location by Numerical Analysis),Suzuki Motor,noname
s2-2,Commercial Hydrogen Engines: Methodologies for rapid mechanical development and validation,AVL List,noname
s2-2,Commercial Hydrogen Engines: Methodologies for rapid mechanical development and validation,Technical University Graz,noname
s39-3,Comparison of multi-fuel cylinder head concepts for heavy duty engine running on alternative fuels with Charge Motion Design (CMD) process,FEV Europe,noname
s39-3,Comparison of multi-fuel cylinder head concepts for heavy duty engine running on alternative fuels with Charge Motion Design (CMD) process,FEV Group GmbH,noname
s39-3,Comparison of multi-fuel cylinder head concepts for heavy duty engine running on alternative fuels with Charge Motion Design (CMD) process,TME RWTH Aachen University,noname
s43-3,Comparison of Nucleate Flow Boiling Heat Transfer on Aluminum Heating Surface Using Distilled Water Ethylene Glycol Aqueous Solution and Long-Life Coolant for IC Engine Cooling System,Sophia University,noname
s80-4,Construction of Traffic Accident Risk Assessment Method for Road Alignment Using Digital Road Map,Suwa University of Science,noname
s84-2,Customized interior lamp control<br />by detecting and determining the condition of passengers,Hyundai Motor,noname
s40-2,Demonstrating non-destructive safety diagnosis for lithium-ion battery modules based on charging curve analysis data,JET,noname
s40-2,Demonstrating non-destructive safety diagnosis for lithium-ion battery modules based on charging curve analysis data,NTSEL,noname
s40-2,Demonstrating non-destructive safety diagnosis for lithium-ion battery modules based on charging curve analysis data,TOSHIBA,noname
s3-3,Design and simulation of ignition-compression combustion system for gasoline engine,Dong Feng Motor,noname
s10-1,Design with AI assistance,Applus IDIADA,noname
s52-4,Development of a Container-Based Yocto Build System for an Infotainment SW Platform,Hyundai Motor,noname
s73-2,Development of Battery Data Generation Technology <br />Using Time Series Wasserstein GAN based on Deep Learning.,Hyundai Motor,noname
s34-2,Development of fixed speed spark ignited hydrogen internal combustion engine for heavy duty non-road applications,NPS Driven B.V.,noname
s34-2,Development of fixed speed spark ignited hydrogen internal combustion engine for heavy duty non-road applications,TNO,noname
s49-1,Development Of Indoor Lighting Optimization Through Customer Preference Clinic,Hyundai Motor,noname
s18-2,Development of MF(Magic Formula) Tire Model Application Technique,Hyundai Motor,noname
s64-2,Development of optimized GPF performances based on GPF Model,Hyundai Motor,noname
s24-4,Development of PBV powergate system<br>-High durability powergate mechanism-,Hyundai Motor,noname
s24-4,Development of PBV powergate system<br>-High durability powergate mechanism-,PHA,noname
s78-1,Development of Sub System Sled-Based Lateral Pole Impact Test,Applus+ IDIADA,noname
s69-2,Development of Tire and Vehicle Performance Prediction Model using Machine Learning,Hyundai Motor,noname
s72-5,Driving Efficiency and Innovation in BEVs<br>-Next-Generation Electronics-,Schaeffler AG,noname
s72-5,Driving Efficiency and Innovation in BEVs<br>-Next-Generation Electronics-,Schaeffler Japan Co. Ltd,noname
s73-4,Early fault detection in lithium-ion batteries using machine learning,FEV Europe,noname
s4-3,Electrified Motorcycle Powertrains - Hybrid Concepts Paving the Way to Future Technologies,AVL List,noname
s70-2,End-of-Life Automotive Battery Value Chain: Opportunities for Critical Materials Supply Chain Resilience,Advanced Propulsion Centre UK,noname
s11-4,End-to-End Secure Automotive IoT Applications,TBD,noname
s51-2,Enhancing Vehicle Safety Through AI-based Motion Prediction and Drivable Space Estimation,Netherlands Organisation for Applied Scientific Research,noname
s51-2,Enhancing Vehicle Safety Through AI-based Motion Prediction and Drivable Space Estimation,TNO Japan,noname
s51-2,Enhancing Vehicle Safety Through AI-based Motion Prediction and Drivable Space Estimation,TU/e,noname
s75-2,eNVH Analysis of a PM Motor with Uneven Magnetization and Rotor Eccentricity,EM Works,noname
s75-2,eNVH Analysis of a PM Motor with Uneven Magnetization and Rotor Eccentricity,ESI,noname
s75-2,eNVH Analysis of a PM Motor with Uneven Magnetization and Rotor Eccentricity,virsolTech Engineering Consulting LLC,noname
s21-4,EPS作動音予測に向けたDynamic Substructuringの活用,トヨタ自動車,noname
s48-6,Establishment of target aero drag and investment criteria considering vehicle characteristics,Hyundai Motor,noname
s51-4,EU landscape for safety assessment of Connected and Automated Driving,TNO,noname
s66-1,Euro 7 OBM and solutions to on-board emissions assessment,None,noname
s78-4,Evaluation of ATD and Human Body Model Responses in Rear Impact Scenarios,IDIADA China,noname
s78-4,Evaluation of ATD and Human Body Model Responses in Rear Impact Scenarios,IDIADA Spain,noname
s60-4,EV車両モデルを用いた自動車ガラスのOCCに関する検討と提案（第2報）<br>-EVキャビン熱モデルによるデジタル認証プロトコルのPOC-,AGC,noname
s60-4,EV車両モデルを用いた自動車ガラスのOCCに関する検討と提案（第2報）<br>-EVキャビン熱モデルによるデジタル認証プロトコルのPOC-,JSOL,noname
s60-4,EV車両モデルを用いた自動車ガラスのOCCに関する検討と提案（第2報）<br>-EVキャビン熱モデルによるデジタル認証プロトコルのPOC-,デジタルツインズ,noname
s60-4,EV車両モデルを用いた自動車ガラスのOCCに関する検討と提案（第2報）<br>-EVキャビン熱モデルによるデジタル認証プロトコルのPOC-,三菱重工サーマルシステムズ,noname
s60-4,EV車両モデルを用いた自動車ガラスのOCCに関する検討と提案（第2報）<br>-EVキャビン熱モデルによるデジタル認証プロトコルのPOC-,同志社大学,noname
s3-4,Experimental study of gasoline engine on the test-bench base on SICI combustion model,Dong Feng Motor,noname
s19-6,FEMを用いた変位加振による振動応答エネルギー最小化の板厚変動による構造最適化に関する研究(第2報：評価点音圧への影響について),長崎総合科学大学,noname
s12-1,Firmware Security Module,IAV,noname
s12-1,Firmware Security Module,IAV Japan Co. Ltd.,noname
s72-1,Future E-Truck Innovation: Next generation e-Powertrain concept for maximum flexibility and cost scaling.,IAV,noname
s39-4,H2 Internal Combustion Engines for Commercial Vehicles<br>-Increasing Power Density by Low Pressure Direct Injection-,Fraunhofer Institut,noname
s39-4,H2 Internal Combustion Engines for Commercial Vehicles<br>-Increasing Power Density by Low Pressure Direct Injection-,IAV,noname
s20-2,HEVダンパ特性によるTHSエンジン起動時振動メカニズム解析,トヨタ自動車,noname
s71-3,High fidelity IPMSM model used for sensor-less algorithm comparative study,Ricardo PLC,noname
s81-6,How AI shapes smooth vehicle user experience with Small Language Models - today,FEV.io,noname
s50-3,How does pre-crash environment affect injury risk? Injury prediction and analysis based on graph neural network,Institute of Science Tokyo,noname
s50-3,How does pre-crash environment affect injury risk? Injury prediction and analysis based on graph neural network,JARI,noname
s29-3,HUD虚像の振動補正における眼球機能解析,新潟大学,noname
s29-3,HUD虚像の振動補正における眼球機能解析,日本精機,noname
s29-2,HUD虚像の振動補正における脳機能解析,新潟大学,noname
s29-2,HUD虚像の振動補正における脳機能解析,日本精機,noname
s2-3,Hydrogen Combustion Engine : Performance Fuel Efficiency and Emissions optimisation,OPmobility,noname
s49-4,Impact Energy Absorption and Safety Evaluation of Glass Fiber Reinforced Plastic Composite Leaf Springs for Automotive Applications,Hyundai Motor,noname
s46-4,Impact of Advanced Control Techniques on Electromagnetic Torque Generation Using a Multiphysics Simulation,Applus IDIADA,noname
s46-4,Impact of Advanced Control Techniques on Electromagnetic Torque Generation Using a Multiphysics Simulation,Universitat Rovira i Virgili,noname
s58-2,Influence of the oil formulation on the oil consumption mechanisms and the emission behavior of hydrogen combustion engines,APL Automobil-Prueftechnik Landau GmbH,noname
s58-2,Influence of the oil formulation on the oil consumption mechanisms and the emission behavior of hydrogen combustion engines,Rheinland-Pfaelzische Technische Universitaet,noname
s58-2,Influence of the oil formulation on the oil consumption mechanisms and the emission behavior of hydrogen combustion engines,TotalEnergies Lubrifiants SA,noname
s66-3,Integrated Development of Chassis and Powertrain Systems: Enhancing Vehicle Motion Control through Predictive Dynamics and Virtual Validation,IAV,noname
s50-4,Investigation of Severe Injury Probability Prediction Models by Body Parts Through Decision Tree-Based Machine Learning Approach,Institute of Science Tokyo,noname
s50-4,Investigation of Severe Injury Probability Prediction Models by Body Parts Through Decision Tree-Based Machine Learning Approach,JARI,noname
s8-2,Investigation of the Flow Separation from the DrivAer Notchback Rear Window with DDES and LES,Audi,noname
s8-2,Investigation of the Flow Separation from the DrivAer Notchback Rear Window with DDES and LES,Technical University of Munich,noname
s36-2,LiDARによる雨天時でのロバストな3D物体検出,金沢大学,noname
s36-3,LiDAR点群を用いた深層学習による自己位置推定の実現,金沢大学,noname
s82-2,Manufacturing Process Technology for LiDAR Covers with Self-Healing,SECO ECOPLASTIC,noname
s61-4,MBDによるTier1 Tier2連携のための抵抗器及び基板モデリング,ACテクノロジーズ,noname
s61-4,MBDによるTier1 Tier2連携のための抵抗器及び基板モデリング,KOA,noname
s61-4,MBDによるTier1 Tier2連携のための抵抗器及び基板モデリング,シーメンス,noname
s61-4,MBDによるTier1 Tier2連携のための抵抗器及び基板モデリング,デンソー,noname
s61-4,MBDによるTier1 Tier2連携のための抵抗器及び基板モデリング,ルビコン,noname
s61-4,MBDによるTier1 Tier2連携のための抵抗器及び基板モデリング,東京科学大学,noname
s61-4,MBDによるTier1 Tier2連携のための抵抗器及び基板モデリング,東芝デバイスアンドストレージ,noname
s61-4,MBDによるTier1 Tier2連携のための抵抗器及び基板モデリング,名古屋工業大学,noname
s44-2,MBDを活用したPBN(Pass-By Noise)モデル構築(第2報)<br>-加速性能向上のためのHEV 1Dシステムモデルと連携したPBNモデル構築-,本田技研工業,noname
s61-2,MBDを利用した放熱材料配置のロバスト設計の精度検証,ACテクノロジーズ,noname
s61-2,MBDを利用した放熱材料配置のロバスト設計の精度検証,KOA,noname
s61-2,MBDを利用した放熱材料配置のロバスト設計の精度検証,シーメンス,noname
s61-2,MBDを利用した放熱材料配置のロバスト設計の精度検証,デンソー,noname
s61-2,MBDを利用した放熱材料配置のロバスト設計の精度検証,ルビコン,noname
s61-2,MBDを利用した放熱材料配置のロバスト設計の精度検証,東京科学大学,noname
s61-2,MBDを利用した放熱材料配置のロバスト設計の精度検証,東芝デバイス＆テクノロジーズ,noname
s25-4,MBD推進向けたシステムズエンジニアリングの取り組み,スバル,noname
s26-4,MBSE/MBD連携と生成AI(LLM)活用によるe-Axleシステム開発の効率化,Lightblue,noname
s26-4,MBSE/MBD連携と生成AI(LLM)活用によるe-Axleシステム開発の効率化,ジヤトコ,noname
s26-4,MBSE/MBD連携と生成AI(LLM)活用によるe-Axleシステム開発の効率化,パナソニック システムデザイン,noname
s18-5,Mechanism Design of Suspension and Steering Systems for Balancing Mobility and Maneuverability,Shenzhen Technology University,noname
s64-1,Modeling of gasoline particulate filters with combined use of membrane and catalyst coatings,Aristrotle University Thessaloniki,noname
s64-1,Modeling of gasoline particulate filters with combined use of membrane and catalyst coatings,Emisia SA,noname
s84-3,New Euro NCAP Protocol for General Vehicle Controls: Redefining Safety Standards for Driver Interaction Through Vehicle Design,Applus IDIADA,noname
s46-1,Next generation xEV modular platforms powered by ProteanDrive In-Wheel Motor,Protean Electric,noname
s25-1,Novel AD/ADAS Virtual Validation with Integration of LLM and Digital Twin Technologies,IAV,noname
s8-5,Numerical Implementation of a Leak Testing Method to be applied to High Voltage Batteries,Audi,noname
s8-5,Numerical Implementation of a Leak Testing Method to be applied to High Voltage Batteries,TUM,noname
s8-3,Numerical Investigation of Water Flow in Narrow Gaps of Vehicle Interior Components,Audi,noname
s8-3,Numerical Investigation of Water Flow in Narrow Gaps of Vehicle Interior Components,Technical University of Munich,noname
s20-5,NVH性能目標を車両音圧からコンポーネント固有値に分解する手法の提案,アルテアエンジニアリング,noname
s20-5,NVH性能目標を車両音圧からコンポーネント固有値に分解する手法の提案,ダイハツ工業,noname
s26-2,OEM-サプライヤ間のモデル流通によるダンパー特性と車両運動性能のモデルベース開発<br>-ドライビングシミュレータを用いた評価手法検討-,Astemo,noname
s26-2,OEM-サプライヤ間のモデル流通によるダンパー特性と車両運動性能のモデルベース開発<br>-ドライビングシミュレータを用いた評価手法検討-,トヨタ自動車,noname
s26-1,OEM-サプライヤ間のモデル流通によるダンパー特性と車両運動性能のモデルベース開発<br>-リアルタイム性を有するダンパーモデルの開発とOEM車両モデルの社内開発への活用-,Astemo,noname
s26-1,OEM-サプライヤ間のモデル流通によるダンパー特性と車両運動性能のモデルベース開発<br>-リアルタイム性を有するダンパーモデルの開発とOEM車両モデルの社内開発への活用-,トヨタ自動車,noname
s46-2,Optimization of laminated stacks for electrified vehicle drives,Bosch Transmission Technology BV,noname
s46-2,Optimization of laminated stacks for electrified vehicle drives,Robert Bosch,noname
s27-3,Optimization of price plan for a smart satellite city with price sensitivity considered,Sophia University,noname
s24-3,Package and design study for application of B pillar less door,Hyundai Motor,noname
s39-2,PEFCの単セル評価における高温運転条件の影響,トヨタ自動車,noname
s39-2,PEFCの単セル評価における高温運転条件の影響,技術研究組合FC-Cubic,noname
s39-2,PEFCの単セル評価における高温運転条件の影響,堀場製作所,noname
s12-3,Penetration testing of automotive systems,IAV,noname
s12-3,Penetration testing of automotive systems,IAV Japan Co. Ltd.,noname
s64-4,PIV-DDMを用いた尿素SCRシステムにおける噴霧液滴挙動のシミュレーションと性能予測,東海大学,noname
s53-3,PLATEAU 3D 都市モデルを用いた追突事故防止教育用ドライビングシミュレータの改良,九州産業大学,noname
s53-3,PLATEAU 3D 都市モデルを用いた追突事故防止教育用ドライビングシミュレータの改良,九州産業大学大学院,noname
s53-3,PLATEAU 3D 都市モデルを用いた追突事故防止教育用ドライビングシミュレータの改良,九州大学,noname
s7-3,Proof of advanced emission control systems and thermal strategies for future NRMM regulations,AECC,noname
s7-3,Proof of advanced emission control systems and thermal strategies for future NRMM regulations,AVL List,noname
s78-3,Raising the bar for heavy quadricycles safety in urban mobility<br>-Structure and occupant protection assessment of a L7-e vehicle through Euro NCAP tailored crash test protocols-,Applus+ IDIADA,noname
s9-1,Research on Aerodynamic Performance Enhancement of an Automobile Through Utilization of Cooling Ventilation,Hiroshima University,noname
s9-1,Research on Aerodynamic Performance Enhancement of an Automobile Through Utilization of Cooling Ventilation,Mazda,noname
s23-1,Research on securing the formability of aluminum 7000 series 3D printing alloy and optimizing heat treatment through adding Zr inoculant and refining crystal grains to achieve high strength and elongation of body structure,Hyndai Motor Group,noname
s71-1,Revolutionizing Battery Management: AI-Powered Digital Twin for Predictive Maintenance and Enhanced Performance,AVL List,noname
s35-1,SDVの実現に向けたAUTOSARの取り組み（第3報）,AUTOSAR,noname
s49-3,Seat Comfort Strategy considering High Performance Vehicle Package Factors,Hyundai Motor,noname
s49-3,Seat Comfort Strategy considering High Performance Vehicle Package Factors,Hyundai Motor Europe Technical Center,noname
s12-2,Secure agile software development in the automotive industry,IAV,noname
s12-2,Secure agile software development in the automotive industry,IAV Japan Co. Ltd.,noname
s11-2,Securitization of an automotive FOTA process in compliance with UNECE R155 &amp; R156,Applus+ IDIADA,noname
s26-3,SIL環境とHIL環境を使用したバッテリマネジメントシステム（BMS）開発の効率化,dSPACE GmbH,noname
s26-3,SIL環境とHIL環境を使用したバッテリマネジメントシステム（BMS）開発の効率化,dSPACE Japan,noname
s25-3,Simulation verification and validation: the challenge we all face,ESI,noname
s25-3,Simulation verification and validation: the challenge we all face,IRT SystemX,noname
s37-6,Smart lightweight and performance solutions for structural parts by Tailor Rolled Blanks,Mubea Japan Co. ltd,noname
s37-6,Smart lightweight and performance solutions for structural parts by Tailor Rolled Blanks,Muhr und Bender KG,noname
s41-1,Smart Microgrid-Integrated Dynamic Fast Charging Station,Newcastle University,noname
s41-1,Smart Microgrid-Integrated Dynamic Fast Charging Station,Taibah University,noname
s41-1,Smart Microgrid-Integrated Dynamic Fast Charging Station,UCL,noname
s82-3,Study on Plastic Materials for FCEV Thermal Management System Components : Comparative Analysis of PA and PP,Hyundai Motor,noname
s82-1,Study on Prediction of Roof Rack Performance using Data Learning Finite Elements Analysis Technique,SECO ECOPLASTIC,noname
s45-4,Subjective Ride Comfort Evaluation Based on CAE Simulation Results,ESI,noname
s48-3,Tesla Cybertruck Aerodynamics - A fully automated reverse engineering methodology using 3D Scanning and OpenFOAM,AirShaper,noname
s24-2,The Development of the TPV Door Inner Belt WeatherStrip meets Wind Noise Targets and Prevents Glass Sliding Squeak Noise Simultaneously,Hyundai Motor,noname
s42-4,The importance of ERS for COI2 reduction from road vehicles,Lund University,noname
s67-3,Thermal manikin for optimizing the cabin climatization control strategy,FEV Europe,noname
s67-3,Thermal manikin for optimizing the cabin climatization control strategy,FEV Japan,noname
s67-3,Thermal manikin for optimizing the cabin climatization control strategy,FEV Vehicle GmbH,noname
s67-3,Thermal manikin for optimizing the cabin climatization control strategy,tme,noname
s78-6,THUMSを用いた歩行者衝突における筋活性の影響調査,トヨタ自動車,noname
s61-5,Tier1 Tier2間のMBD連携の為の半導体モデル精度の影響とアクチュエーター駆動回路動作への適用検討,ACテクノロジーズ株式会社,noname
s61-5,Tier1 Tier2間のMBD連携の為の半導体モデル精度の影響とアクチュエーター駆動回路動作への適用検討,KOA,noname
s61-5,Tier1 Tier2間のMBD連携の為の半導体モデル精度の影響とアクチュエーター駆動回路動作への適用検討,シーメンス,noname
s61-5,Tier1 Tier2間のMBD連携の為の半導体モデル精度の影響とアクチュエーター駆動回路動作への適用検討,デンソー,noname
s61-5,Tier1 Tier2間のMBD連携の為の半導体モデル精度の影響とアクチュエーター駆動回路動作への適用検討,ルビコン,noname
s61-5,Tier1 Tier2間のMBD連携の為の半導体モデル精度の影響とアクチュエーター駆動回路動作への適用検討,東芝デバイス＆ストレージ,noname
s61-5,Tier1 Tier2間のMBD連携の為の半導体モデル精度の影響とアクチュエーター駆動回路動作への適用検討,名古屋工業大学,noname
s68-2,Towards a multi-performance real time capable tire model,Cosin scientific software AG,noname
s68-1,Tread Depth Monitoring for Automotive Tires,Continental Automotive Technologies GmbH,noname
s68-1,Tread Depth Monitoring for Automotive Tires,Continental SCR,noname
s30-3,Trustworthy Multimodal Generative AI for ADAS Development,Siemens Digital Industries Software,noname
s32-1,V2N技術を用いた危険回避ブレーキ制御システムの成立性検証,アイネット株式会社,noname
s32-1,V2N技術を用いた危険回避ブレーキ制御システムの成立性検証,ソフトバンク株式会社,noname
s32-1,V2N技術を用いた危険回避ブレーキ制御システムの成立性検証,テクノコ株式会社,noname
s32-1,V2N技術を用いた危険回避ブレーキ制御システムの成立性検証,トヨタ自動車,noname
s18-4,Vehicle Motion Control on Electric Vehicles<br>-Capabilities on connecting Chassis and Powertrain Features-,FEV,noname
s18-1,Verification of PBV driving performance for universal mobility using suspension module test rig,Hyundai Motor,noname
s44-5,Virtual Mount Design Framework for Component-Based TPA,Siemens Digital Industries Software,noname
s44-6,Virtual Point Transformationを用いた実稼働時6自由度寄与分離手法について<br>-簡易自動車模型を用いた寄与分析-,大阪工業大学,noname
s11-3,WPA3 technology in Automotive: Enhancing security for connected vehicles.,Applus+ IDIADA,noname
s72-4,xEV の性能評価に用いる4WDシャシダイナモメータ評価手法の検討（第2報）<br>--4WDシャシダイナモメータ性能要件の電費影響を考慮した評価パラメータの検討--,自動車技術総合機構,noname
s72-4,xEV の性能評価に用いる4WDシャシダイナモメータ評価手法の検討（第2報）<br>--4WDシャシダイナモメータ性能要件の電費影響を考慮した評価パラメータの検討--,小野測器,noname
s72-4,xEV の性能評価に用いる4WDシャシダイナモメータ評価手法の検討（第2報）<br>--4WDシャシダイナモメータ性能要件の電費影響を考慮した評価パラメータの検討--,日本自動車輸送技術協会,noname
s72-4,xEV の性能評価に用いる4WDシャシダイナモメータ評価手法の検討（第2報）<br>--4WDシャシダイナモメータ性能要件の電費影響を考慮した評価パラメータの検討--,堀場製作所,noname
s72-4,xEV の性能評価に用いる4WDシャシダイナモメータ評価手法の検討（第2報）<br>--4WDシャシダイナモメータ性能要件の電費影響を考慮した評価パラメータの検討--,明電舎,noname
s2-1,λ=1過給直噴水素エンジンの開発,AVL List,noname
s2-1,λ=1過給直噴水素エンジンの開発,スズキ,noname
s76-1,アクティブな内傾機構を備えたパーソナルモビリティビークル(PMV)の制動を伴う障害物回避性能の考察,大阪産業大学,noname
s76-1,アクティブな内傾機構を備えたパーソナルモビリティビークル(PMV)の制動を伴う障害物回避性能の考察,名古屋大学/日本大学,noname
s33-2,アルゴン循環型2サイクル水素エンジンの研究,東海大学,noname
s33-3,アルゴン循環型水素エンジンにおける循環系加圧の研究,東海大学,noname
s23-2,アルミ部品の衝突解析におけるモデル化の影響検討,コベルコ科研,noname
s10-4,インフュージョン成形の特性を活かした意匠再現性,ファブリケーター,noname
s17-2,インホイールモーターの回転数変動情報に基づくトラクション制御手法の開発,日立製作所,noname
s17-3,インホイールモーターの制駆動力を用いた乗り心地を向上させる車両上下振動の制御技術の開発,東京大学,noname
s17-3,インホイールモーターの制駆動力を用いた乗り心地を向上させる車両上下振動の制御技術の開発,日立製作所,noname
s59-2,ウルトラファインバブルを含むエンジン油がエンジン軸受の摩擦低減に与える効果<br>-発生密度およびオイル粘度の影響-,東京都市大学 総合研究所 HEET,noname
s59-2,ウルトラファインバブルを含むエンジン油がエンジン軸受の摩擦低減に与える効果<br>-発生密度およびオイル粘度の影響-,東京都市大学大学院,noname
s59-1,ウルトラファインバブルを含むエンジン油がピストン系摩擦損失低減に与える効果<br>-シリンダボア面性状及び潤滑油の粘度変化と摩擦低減の関係-,東京都市大学 総合研究所 HEET,noname
s59-1,ウルトラファインバブルを含むエンジン油がピストン系摩擦損失低減に与える効果<br>-シリンダボア面性状及び潤滑油の粘度変化と摩擦低減の関係-,東京都市大学大学院,noname
s38-2,エアテーブル選別機によるASRからの有価物の回収における選別成績についての調査,東北公益文科大学,noname
s57-2,エタノール含有燃料を用いた要素技術開発,SUBARU,noname
s55-4,エタノール着火抑制作用のベース燃料依存性に関する衝撃波管研究,広島大学大学院,noname
s55-4,エタノール着火抑制作用のベース燃料依存性に関する衝撃波管研究,上智大学,noname
s55-4,エタノール着火抑制作用のベース燃料依存性に関する衝撃波管研究,上智大学大学院,noname
s61-1,エレメカ連成1Dモデルを用いたTier1，Tier2サプライヤの連携による回路解析手法の精度検証,ACテクノロジーズ,noname
s61-1,エレメカ連成1Dモデルを用いたTier1，Tier2サプライヤの連携による回路解析手法の精度検証,コーア,noname
s61-1,エレメカ連成1Dモデルを用いたTier1，Tier2サプライヤの連携による回路解析手法の精度検証,シーメンス,noname
s61-1,エレメカ連成1Dモデルを用いたTier1，Tier2サプライヤの連携による回路解析手法の精度検証,デンソー,noname
s61-1,エレメカ連成1Dモデルを用いたTier1，Tier2サプライヤの連携による回路解析手法の精度検証,ルビコン,noname
s61-1,エレメカ連成1Dモデルを用いたTier1，Tier2サプライヤの連携による回路解析手法の精度検証,東京科学大学,noname
s61-1,エレメカ連成1Dモデルを用いたTier1，Tier2サプライヤの連携による回路解析手法の精度検証,東芝デバイス&amp;ストレージ,noname
s15-1,エンジンの燃費を向上する燃焼室高応答遮熱材料技術の開発（第4報）<br>-遮熱膜の密着モデルと下地加工モデルの構築-,マツダ,noname
s45-3,エンジン背景音を用いたピストン打音評価技術の開発,マツダ,noname
s4-1,ギヤ撹拌における各種計算法の比較(第2報)<br>-飛沫の予測精度に対する考察と実用的な改善方法の提案-,ジヤトコエンジニアリング,noname
s4-1,ギヤ撹拌における各種計算法の比較(第2報)<br>-飛沫の予測精度に対する考察と実用的な改善方法の提案-,トヨタ自動車,noname
s4-1,ギヤ撹拌における各種計算法の比較(第2報)<br>-飛沫の予測精度に対する考察と実用的な改善方法の提案-,マツダ,noname
s4-1,ギヤ撹拌における各種計算法の比較(第2報)<br>-飛沫の予測精度に対する考察と実用的な改善方法の提案-,数値流体力学コンサルティング,noname
s4-1,ギヤ撹拌における各種計算法の比較(第2報)<br>-飛沫の予測精度に対する考察と実用的な改善方法の提案-,大阪大学,noname
s4-1,ギヤ撹拌における各種計算法の比較(第2報)<br>-飛沫の予測精度に対する考察と実用的な改善方法の提案-,東京大学,noname
s4-1,ギヤ撹拌における各種計算法の比較(第2報)<br>-飛沫の予測精度に対する考察と実用的な改善方法の提案-,本田技研工業,noname
s4-1,ギヤ撹拌における各種計算法の比較(第2報)<br>-飛沫の予測精度に対する考察と実用的な改善方法の提案-,本田技術研究所,noname
s9-3,グラフ構造化分析を用いた自動車の空気抵抗に寄与する流れ場の同定,マツダ,noname
s9-3,グラフ構造化分析を用いた自動車の空気抵抗に寄与する流れ場の同定,広島大学,noname
s37-1,コーティング技術を利用したFSWツールの耐久性向上,茨城大学大学院,noname
s37-1,コーティング技術を利用したFSWツールの耐久性向上,日本コーティングセンター,noname
s56-3,コールドスタート排出ガス規制対応重量車からのPN排出挙動,数理計画,noname
s56-3,コールドスタート排出ガス規制対応重量車からのPN排出挙動,東京電機大学,noname
s56-3,コールドスタート排出ガス規制対応重量車からのPN排出挙動,東計エンジニアリング,noname
s51-1,コロナ患者の移送をEV車で実施する際の換気量の研究（その4）,無,noname
s38-3,サーキュラーエコノミーにおける自動車リサイクルの未来：資源循環の新しい価値創造,ヴェオリア・ジャパン合同会社,noname
s16-5,サスペンションの上下摩擦が車両平面運動に及ぼす影響 (第2報),神奈川工科大学,noname
s16-1,シート特性違いによるドライバ遅れ時間（τL）の確認,トヨタ紡織,noname
s62-2,シナリオを用いた自律走行車におけるマイクロ倫理の特性,ニルソフトウェア,noname
s19-5,シャシダイナモメータを用いた走行音の測定条件に関する実験的検討,林テレンプ,noname
s81-3,ステアバイワイヤEPS用ストロークセンサのロバスト性向上検討,プロテリアル,noname
s36-1,ステレオマッチングによるマルチカメラ向けBEVモデルの高精度化,日立Astemo,noname
s36-1,ステレオマッチングによるマルチカメラ向けBEVモデルの高精度化,日立製作所,noname
s22-2,ステンレス鋼板の疲労下限界における引張および曲げ負荷の影響（第2報）<br>-応力比による変化-,東京濾器,noname
s37-2,ステンレス箔材の抵抗シーム溶接における溶接速度の影響,ART-HIKARI,noname
s37-2,ステンレス箔材の抵抗シーム溶接における溶接速度の影響,茨城大学大学院,noname
s37-2,ステンレス箔材の抵抗シーム溶接における溶接速度の影響,野上技研,noname
s31-5,スマートフォンを活用した横断児童接近通知システムの効果評価,KDDI株式会社,noname
s31-5,スマートフォンを活用した横断児童接近通知システムの効果評価,トヨタ自動車,noname
s68-3,タイヤスリップ特性における水膜厚さ・速度依存性を表現可能なタイヤモデルへの拡張,Siemens Industry Software and Servises,noname
s68-3,タイヤスリップ特性における水膜厚さ・速度依存性を表現可能なタイヤモデルへの拡張,シーメンス,noname
s69-6,タイヤホイールの変形を利用した車直進走行時の路面接地荷重の測定,スズキ,noname
s69-6,タイヤホイールの変形を利用した車直進走行時の路面接地荷重の測定,金沢大学,noname
s44-1,タイヤ車外騒音の評価技術開発と発生メカニズム検討,株式会社セキソー,noname
s68-5,タイヤ特性を考慮した電動パワーステアリングによる過渡ヨー応答の改善,スズキ,noname
s28-5,タッチパネルディスプレイを用いた運転リスク評価と画像解析から推定された運転リスクの関係,名古屋大学,noname
s6-2,ディーゼルエンジンにおける筒内水噴射を用いたNOx低減ストラテジー（第2報）<br>-筒内水成層コンセプトの高負荷条件への適用-,豊田自動織機,noname
s6-2,ディーゼルエンジンにおける筒内水噴射を用いたNOx低減ストラテジー（第2報）<br>-筒内水成層コンセプトの高負荷条件への適用-,豊田中央研究所,noname
s34-1,ディーゼルエンジンのピストン圧縮によるメタノール混合バイオガスの改質,ヤンマーホールディングス,noname
s34-1,ディーゼルエンジンのピストン圧縮によるメタノール混合バイオガスの改質,北海道大学,noname
s6-4,ディーゼル機関の高圧縮比下（高雰囲気密度場）における噴霧内濃度分布と壁面干渉に関するモデル解析,同志社大学,noname
s6-4,ディーゼル機関の高圧縮比下（高雰囲気密度場）における噴霧内濃度分布と壁面干渉に関するモデル解析,同志社大学大学院,noname
s58-4,ディーゼル代替アルコール拡散燃焼技術（第1報）<br>-着火手段の比較および最小火種要件-,豊田中央研究所,noname
s58-5,ディーゼル代替アルコール拡散燃焼技術（第2報）<br>-メタノール単一燃料によるパイロット点火・メイン拡散燃焼-,豊田中央研究所,noname
s48-5,ディスクブレーキの引きずりトルク低減に関する考察 （第2報）,アドヴィックス,noname
s60-2,デジタルツインによるバーチャルテストとそれを用いたデジタル認証への取り組みII<br>-包括的CO2削減と新たなものづくりの仕組み-,AGC,noname
s60-2,デジタルツインによるバーチャルテストとそれを用いたデジタル認証への取り組みII<br>-包括的CO2削減と新たなものづくりの仕組み-,デジタルツインズ,noname
s60-2,デジタルツインによるバーチャルテストとそれを用いたデジタル認証への取り組みII<br>-包括的CO2削減と新たなものづくりの仕組み-,株式会社 JSOL,noname
s60-2,デジタルツインによるバーチャルテストとそれを用いたデジタル認証への取り組みII<br>-包括的CO2削減と新たなものづくりの仕組み-,同志社大学,noname
s60-1,デジタル認証やカーボンニュートラルへの支援技術<br>-デジタル認証プロトコルにおけるシミュレーション・セットアップ-,(株,noname
s60-1,デジタル認証やカーボンニュートラルへの支援技術<br>-デジタル認証プロトコルにおけるシミュレーション・セットアップ-,AGC(株,noname
s60-1,デジタル認証やカーボンニュートラルへの支援技術<br>-デジタル認証プロトコルにおけるシミュレーション・セットアップ-,同志社大学,noname
s71-4,ドライバーの感性とシンクロする次世代e: HEV制御技術の開発,本田技研工業,noname
s53-4,ドライバの頭部移動によるミラー視界拡大範囲の分析,芝浦工業大学,noname
s53-4,ドライバの頭部移動によるミラー視界拡大範囲の分析,日本自動車研究所,noname
s53-4,ドライバの頭部移動によるミラー視界拡大範囲の分析,日本自動車工業会,noname
s16-2,ドライバ着座位置が操舵特性評価に及ぼす影響,神奈川工科大学,noname
s16-2,ドライバ着座位置が操舵特性評価に及ぼす影響,神奈川工科大学工学部機械工学科,noname
s16-2,ドライバ着座位置が操舵特性評価に及ぼす影響,神奈川工科大学大学院工学研究科機械システム工学専攻,noname
s16-2,ドライバ着座位置が操舵特性評価に及ぼす影響,神奈川工科大学大学院工学研究機械システム工学専攻,noname
s31-2,ドライブレコーダー映像を活用した一時停止交差点における出会い頭事故の解析,あいおいニッセイ同和損害保険,noname
s31-2,ドライブレコーダー映像を活用した一時停止交差点における出会い頭事故の解析,東京農工大学,noname
s86-3,ドライブレコーダ映像とマルチエージェント交通シミュレーションとの連携技術の実現に向けて<br>-デジタル都市モデルを活用した3D位置再構成技術の開発-,合同会社nitro,noname
s86-3,ドライブレコーダ映像とマルチエージェント交通シミュレーションとの連携技術の実現に向けて<br>-デジタル都市モデルを活用した3D位置再構成技術の開発-,三咲デザイン合同会社,noname
s86-3,ドライブレコーダ映像とマルチエージェント交通シミュレーションとの連携技術の実現に向けて<br>-デジタル都市モデルを活用した3D位置再構成技術の開発-,日本工業大学,noname
s8-4,ドラムブレーキにおけるBPEのCFDシミュレーション,日清紡ブレーキ株式会社,noname
s17-5,トレイルブレーキング操作による車両旋回挙動への影響,University Malaysia Pahang,noname
s17-5,トレイルブレーキング操作による車両旋回挙動への影響,愛知工科大学,noname
s17-5,トレイルブレーキング操作による車両旋回挙動への影響,東海大学,noname
s9-2,トンネル入口緩衝工に設けられた開口部と車両周りの流れの関係,宇都宮大学大学院,noname
s9-2,トンネル入口緩衝工に設けられた開口部と車両周りの流れの関係,株式会社トヨタ ガズーレーシング ディベロップメント,noname
s75-3,ハブナットクランプ式車両拘束装置が車両に与える振動の影響（第2報）,F-MAコンサルティング,noname
s75-3,ハブナットクランプ式車両拘束装置が車両に与える振動の影響（第2報）,明電舎,noname
s55-6,パラフィン系燃料を用いた燃料性状の大型圧縮着火エンジンの燃焼および排出ガス特性に及ぼす影響,新エィシーイー,noname
s13-3,パルス電流の波形制御と休止時間自動制御による高板厚比三枚重ねスポット溶接技術の開発（その1）<br>-CDC新スポット溶接技術-,大阪大学,noname
s13-3,パルス電流の波形制御と休止時間自動制御による高板厚比三枚重ねスポット溶接技術の開発（その1）<br>-CDC新スポット溶接技術-,本田技研工業,noname
s13-4,パルス電流の波形制御と休止時間自動制御による高板厚比三枚重ねスポット溶接技術の開発（その2）<br>-CDC新スポット溶接技術-,大阪大学,noname
s13-4,パルス電流の波形制御と休止時間自動制御による高板厚比三枚重ねスポット溶接技術の開発（その2）<br>-CDC新スポット溶接技術-,本田技研工業,noname
s59-3,ピストンスカート形状が摺動部の油膜体積におよぼす影響,いすゞ中央研究所,noname
s59-3,ピストンスカート形状が摺動部の油膜体積におよぼす影響,東京都市大学,noname
s79-4,ファーサイド側突事故における胸腹部の傷害の影響因子と傷害低減の検討,滋賀医科大学,noname
s79-4,ファーサイド側突事故における胸腹部の傷害の影響因子と傷害低減の検討,豊田合成,noname
s63-4,プラズマとHC吸着材を用いた排ガス後処理システムの開発,キャタラー,noname
s63-4,プラズマとHC吸着材を用いた排ガス後処理システムの開発,ダイハツ工業,noname
s37-5,ブレーキディスク用ステンレス鋼の摩擦摩耗特性,日鉄ステンレス,noname
s37-5,ブレーキディスク用ステンレス鋼の摩擦摩耗特性,日本製鉄,noname
s5-5,ベイジアンネットワークによる駆動系浸炭部品の異常粒成長発生予測,エムアイシックス,noname
s5-5,ベイジアンネットワークによる駆動系浸炭部品の異常粒成長発生予測,ジヤトコ,noname
s5-5,ベイジアンネットワークによる駆動系浸炭部品の異常粒成長発生予測,東京大学,noname
s53-5,ペダル踏み間違い発生メカニズムとしての不適切なスキーマと注意欠損の相互作用,産業技術総合研究所,noname
s53-5,ペダル踏み間違い発生メカニズムとしての不適切なスキーマと注意欠損の相互作用,筑波大学,noname
s55-3,ペンテン，エタノール，イソオクタン予混合乱流火炎の伝播特性,九州大学,noname
s7-1,ポスト噴射に由来する窒素酸化物の還元メカニズム,ヤンマーホールディングス,noname
s7-1,ポスト噴射に由来する窒素酸化物の還元メカニズム,北海道大学 大学院工学研究科,noname
s7-1,ポスト噴射に由来する窒素酸化物の還元メカニズム,北海道大学大学院,noname
s13-2,ホットスタンプによる大規模部品一体化技術開発,日本製鉄,noname
s15-3,ボディ熱変形CAEの活用によるマスチック適用部の品質向上,スズキ,noname
s21-5,ボルト締結部の振動特性に及ぼす接合界面の介在物の影響,東京都市大学,noname
s21-5,ボルト締結部の振動特性に及ぼす接合界面の介在物の影響,東京都市大学大学院,noname
s85-1,マルチエージェント交通シミュレーションと交通安全性評価－現状と今後の課題,香川大学,noname
s85-1,マルチエージェント交通シミュレーションと交通安全性評価－現状と今後の課題,三咲デザイン,noname
s85-4,マルチエージェント交通シミュレーションと複数台DS連携による高速道路合流に対する支援方策の有効性検証,マツダ株式会社，香川大学,noname
s85-4,マルチエージェント交通シミュレーションと複数台DS連携による高速道路合流に対する支援方策の有効性検証,香川大学,noname
s85-4,マルチエージェント交通シミュレーションと複数台DS連携による高速道路合流に対する支援方策の有効性検証,三咲デザイン合同会社,noname
s85-4,マルチエージェント交通シミュレーションと複数台DS連携による高速道路合流に対する支援方策の有効性検証,東洋大学,noname
s86-4,マルチエージェント交通シミュレーションにより生成される交通流の下での同一被験者による長期間にわたるシミュレータ走行データの取得と分析,京都橘大学,noname
s86-4,マルチエージェント交通シミュレーションにより生成される交通流の下での同一被験者による長期間にわたるシミュレータ走行データの取得と分析,瀬戸内シミュレータ,noname
s86-4,マルチエージェント交通シミュレーションにより生成される交通流の下での同一被験者による長期間にわたるシミュレータ走行データの取得と分析,東洋大学,noname
s86-6,マルチエージェント交通シミュレーションを用いた，メーカーの自動運転事故の法的リスク管理,もみのき・友近法律事務所,noname
s86-1,マルチエージェント交通流シミュレーションと自動運転車を接続した仮想評価環境と高度化技法の研究,OS企画,noname
s86-1,マルチエージェント交通流シミュレーションと自動運転車を接続した仮想評価環境と高度化技法の研究,金沢大学,noname
s86-1,マルチエージェント交通流シミュレーションと自動運転車を接続した仮想評価環境と高度化技法の研究,三咲デザイン,noname
s86-1,マルチエージェント交通流シミュレーションと自動運転車を接続した仮想評価環境と高度化技法の研究,日本自動車研究所,noname
s60-6,マルチツールをオンライン連成するCo-Simulation環境の構築（第6報）<br>-機械学習を用いた1Dサーマルプラントモデルのサロゲートモデル構築-,本田技研工業,noname
s80-2,ミクロ調査におけるイベントデータレコーダ(EDR)等によるペダル誤操作事故の実態及び傾向に関する検討,交通事故総合分析センター,noname
s80-2,ミクロ調査におけるイベントデータレコーダ(EDR)等によるペダル誤操作事故の実態及び傾向に関する検討,自動車技術総合機構,noname
s1-5,モーターサイクル用水素エンジンの空気過剰率と回転速度が瞬時熱流束に与える影響,スズキ,noname
s1-5,モーターサイクル用水素エンジンの空気過剰率と回転速度が瞬時熱流束に与える影響,ヤマハ発動機,noname
s1-5,モーターサイクル用水素エンジンの空気過剰率と回転速度が瞬時熱流束に与える影響,株式会社モトラ,noname
s1-5,モーターサイクル用水素エンジンの空気過剰率と回転速度が瞬時熱流束に与える影響,東京都市大学,noname
s1-5,モーターサイクル用水素エンジンの空気過剰率と回転速度が瞬時熱流束に与える影響,本田技研工業,noname
s21-1,ラジエター用バイオニッククーリングファンの開発,マーレベーア,noname
s21-1,ラジエター用バイオニッククーリングファンの開発,マーレベーアジャパン,noname
s57-3,リアルタイム燃料改質を用いた副室式希薄ガソリン燃焼システムの多気筒実証,㈱サステナブル・エンジン・リサーチセンター,noname
s57-3,リアルタイム燃料改質を用いた副室式希薄ガソリン燃焼システムの多気筒実証,千葉大学,noname
s43-6,リーンバーンエンジン搭載ハイブリッド車のための熱電変換材料の開発,産業技術総合研究所,noname
s43-6,リーンバーンエンジン搭載ハイブリッド車のための熱電変換材料の開発,日本自動車研究所,noname
s37-4,リチウムイオン電池環境におけるステンレス鋼の耐食性評価,日鉄ステンレス,noname
s19-1,ロードノイズ低減のための機械学習による車両各部の目標特性決定手法（第2報）<br>-複数解探索手法の構築-,エステック,noname
s19-1,ロードノイズ低減のための機械学習による車両各部の目標特性決定手法（第2報）<br>-複数解探索手法の構築-,本田技研工業,noname
s10-3,ロボットアームと差動ステアにおけるデザインと機能の融合,東京農工大学,noname
s6-5,圧縮着火機関における噴霧－潤滑油膜壁面干渉過程のモデリング,同志社大学,noname
s6-5,圧縮着火機関における噴霧－潤滑油膜壁面干渉過程のモデリング,同志社大学大学院,noname
s85-5,安心感の高い視認支援デバイスの設計方法<br>-マルチエージェントシミュレーションRe:simの活用-,ペンストン,noname
s85-5,安心感の高い視認支援デバイスの設計方法<br>-マルチエージェントシミュレーションRe:simの活用-,香川大学,noname
s60-3,暗号化ハッシュ関数を用いたモデルトレーサビリティーに関する検討と提案,AGC,noname
s60-3,暗号化ハッシュ関数を用いたモデルトレーサビリティーに関する検討と提案,JSOL,noname
s60-3,暗号化ハッシュ関数を用いたモデルトレーサビリティーに関する検討と提案,デジタルツインズ,noname
s60-3,暗号化ハッシュ関数を用いたモデルトレーサビリティーに関する検討と提案,三菱重工サーマルシステムズ,noname
s60-3,暗号化ハッシュ関数を用いたモデルトレーサビリティーに関する検討と提案,同志社大学,noname
s28-6,異常運転の検知手法開発,デンソー,noname
s53-6,飲酒の運転に対する影響評価,デンソー,noname
s28-1,運転指導員による高齢ドライバの市街地運転評価と認知身体特性・運転意識の関係<br>-運転寿命延伸を目指したドライバ運転特性研究(44)-,近畿大学,noname
s28-1,運転指導員による高齢ドライバの市街地運転評価と認知身体特性・運転意識の関係<br>-運転寿命延伸を目指したドライバ運転特性研究(44)-,名古屋大学,noname
s28-2,運転者の受容性を考慮した会話の覚醒効果と事故リスク評価,福岡工業大学,noname
s62-4,運転者の認知能力に応じた支援コンセプトの導出,マツダ,noname
s58-1,液体合成燃料およびOMEの燃焼における熱効率向上とスモーク低減を図るためのインジェクターの最適化,北海道大学工学院,noname
s56-5,欧州新規制に対応した非排気ブレーキ粒子エミッション計測システムの開発,HORIBA Europe GmbH,noname
s2-4,火花点火式水素エンジンの異常燃焼抑制に向けた水素と水の気液二相流噴射装置に関する研究,アネブル,noname
s2-4,火花点火式水素エンジンの異常燃焼抑制に向けた水素と水の気液二相流噴射装置に関する研究,同志社大学,noname
s2-4,火花点火式水素エンジンの異常燃焼抑制に向けた水素と水の気液二相流噴射装置に関する研究,同志社大学大学院,noname
s40-1,稼働データによる車載電池の健全度推定手法（第4報）,東芝,noname
s52-1,貨物運送事業における商用電動車の普及に対する課題となる外的要因の調査分析,環境優良車普及機構,noname
s52-1,貨物運送事業における商用電動車の普及に対する課題となる外的要因の調査分析,自動車技術総合機構,noname
s1-1,過給直噴水素エンジンの燃焼可視化,カワサキモータース,noname
s1-1,過給直噴水素エンジンの燃焼可視化,スズキ,noname
s1-1,過給直噴水素エンジンの燃焼可視化,ヤマハ発動機,noname
s1-1,過給直噴水素エンジンの燃焼可視化,本田技研工業,noname
s43-2,過渡対応温調機を用いた車両熱マネジメントシステム実験手法の提案,堀場製作所,noname
s14-4,画像解析を用いた工程解析システムの開発（第1報）<br>-物流工程効率に対する自動解析システムの実用性検証-,トヨタ モーター ヨーロッパ,noname
s14-4,画像解析を用いた工程解析システムの開発（第1報）<br>-物流工程効率に対する自動解析システムの実用性検証-,トヨタ自動車,noname
s49-2,格納式ステアリングコラムにおける剛性不足とNVH改善のためのリニアベアリング適応,SCHAEFFLER Technologies,noname
s49-2,格納式ステアリングコラムにおける剛性不足とNVH改善のためのリニアベアリング適応,シェフラージャパン,noname
s8-1,冠水路走行時のアンダーフロア部品破損予測のためのCAE手法開発,日産自動車,noname
s85-2,感情状態およびドライバ特性が二輪車ライダのリスクテイク行動に与える影響,Chulalongkorn University,noname
s85-2,感情状態およびドライバ特性が二輪車ライダのリスクテイク行動に与える影響,香川大学,noname
s85-2,感情状態およびドライバ特性が二輪車ライダのリスクテイク行動に与える影響,本田技研,noname
s23-5,簡易試験体を用いた衝突性能評価手法の開発と破断予測技術の検証,日本製鉄,noname
s55-5,含酸素燃料を添加した軽質オレフィンを含むガソリンサロゲート燃料の層流燃焼速度,大阪公立大学,noname
s55-5,含酸素燃料を添加した軽質オレフィンを含むガソリンサロゲート燃料の層流燃焼速度,大阪府立大学,noname
s28-3,危険性評価のための統合的運転者モデルの開発<br>-運転者の視覚機能と認知機能の再現-,福岡工業大学,noname
s54-3,機会制約付きモデル予測制御を用いた進路変更可否判断のための軌道生成技術,三菱電機,noname
s7-2,機械学習を活用したディーゼルエンジン吸気系におけるガス温度の推定,豊田中央研究所,noname
s68-4,機械学習を用いたタイヤのコーナリングフォースカーブ予測手法の構築,住友ゴム工業,noname
s83-4,機械学習を用いた樹脂部品の最適板厚設計手法の開発,ダイハツ工業,noname
s20-1,機構解析・機械学習のハイブリッドモデル構築と駆動系捩り振動開発での適用,マツダ,noname
s58-6,吸気バルブデポジットに影響するガソリン成分の特定,Lubrizol Management,noname
s58-6,吸気バルブデポジットに影響するガソリン成分の特定,SUBARU,noname
s1-4,急速圧縮機を用いた水素空気予混合火炎における燃焼過程の近赤外二色法温度計測と数値解析,カワサキモータース,noname
s1-4,急速圧縮機を用いた水素空気予混合火炎における燃焼過程の近赤外二色法温度計測と数値解析,スズキ,noname
s1-4,急速圧縮機を用いた水素空気予混合火炎における燃焼過程の近赤外二色法温度計測と数値解析,ヤマハ発動機,noname
s1-4,急速圧縮機を用いた水素空気予混合火炎における燃焼過程の近赤外二色法温度計測と数値解析,東京大学,noname
s1-4,急速圧縮機を用いた水素空気予混合火炎における燃焼過程の近赤外二色法温度計測と数値解析,本田技研工業,noname
s5-3,金属Vベルト式CVTの定常条件下でのプーリ間滑り率に及ぼす変速比の影響<br>-ー走行軌跡および相対ピッチ角の変化ー-,同志社大学,noname
s5-3,金属Vベルト式CVTの定常条件下でのプーリ間滑り率に及ぼす変速比の影響<br>-ー走行軌跡および相対ピッチ角の変化ー-,同志社大学大学院,noname
s5-2,駆動モータ用ベアリングの電食未然防止設計,日産自動車,noname
s5-4,駆動系浸炭部品におけるオーステナイト粒径の異常成長要因の影響度検討,ジヤトコ,noname
s67-2,空調効率化と温熱快適に向けた人体各部位への対流熱伝達の検討,マツダ,noname
s58-3,軽油組成や蒸留性状がPM生成に及ぼす影響に関する実験的検討,出光興産,noname
s62-3,交通事故統計データからみた一般道路における高速暴走事故の危険運転性の評価<br>-高速暴走車両の人身傷害への危険性の交通事故統計データによる推測-,福山大学,noname
s35-6,光ファイバセンシング技術を用いた降雪環境下における協調型自動運転の開発,SUBARU,noname
s35-6,光ファイバセンシング技術を用いた降雪環境下における協調型自動運転の開発,鹿島建設,noname
s43-4,構成機器をコンパクトに一体化したランキンサイクル発電機の開発<br>-第8報 金属製化と冷媒による実験-,日本大学,noname
s42-2,鉱山ダンプトラックのEV化におけるトロリー技術の実証実験,日立建機株式会社,noname
s15-2,鋼材内部の簡易的な残留応力評価・半切法の提案,茨城大学,noname
s15-2,鋼材内部の簡易的な残留応力評価・半切法の提案,秋山精鋼,noname
s33-4,高過給ポート噴射式水素エンジンの熱効率最大化に関する考察,フラットフィールド,noname
s33-4,高過給ポート噴射式水素エンジンの熱効率最大化に関する考察,株式会社リケン,noname
s33-4,高過給ポート噴射式水素エンジンの熱効率最大化に関する考察,金沢工業大学,noname
s33-4,高過給ポート噴射式水素エンジンの熱効率最大化に関する考察,東京都市大,noname
s33-4,高過給ポート噴射式水素エンジンの熱効率最大化に関する考察,日本ガイシ,noname
s33-4,高過給ポート噴射式水素エンジンの熱効率最大化に関する考察,堀場製作所,noname
s43-1,高解像度LESによる壁面衝突ディーゼル火炎の熱伝達解析,サステナブル・エンジン・リサーチセンター,noname
s43-1,高解像度LESによる壁面衝突ディーゼル火炎の熱伝達解析,千葉大学,noname
s4-2,高回転トラクションドライブの研究<br>-大減速比実験とユニット構成-,東海大学,noname
s21-3,高減衰化によって体の動きを低減させるシート構造,ホンダ・レーシング,noname
s21-3,高減衰化によって体の動きを低減させるシート構造,ホンダテクノフォート,noname
s21-3,高減衰化によって体の動きを低減させるシート構造,本田技研工業,noname
s14-2,高絶縁・高耐熱を両立したジアリルフタレート樹脂成形材料の開発,住友ベークライト,noname
s6-1,高速度赤外線カメラを用いたディーゼルエンジンピストン表面の時系列温度分布計測,いすゞ中央研究所,noname
s42-1,高速道路における走行中の間欠充電に適用するバッテリーの耐久試験方法,東洋電機製造,noname
s81-1,高密度実装電子部品の製造品質を担保するためのロバスト設計の検討と考察,トヨタ自動車,noname
s28-4,高齢ドライバのフレイル，運転経験および安全欲求の実態<br>-運転寿命延伸を目指したドライバ運転特性研究（45）-,大阪大学,noname
s28-4,高齢ドライバのフレイル，運転経験および安全欲求の実態<br>-運転寿命延伸を目指したドライバ運転特性研究（45）-,名古屋大学,noname
s59-5,再精製基油を用いた自動車用低粘度省燃費エンジン油の検討,シェルルブリカンツジャパン,noname
s86-5,災害避難時における「車両乗り捨て」をもたらす要因分析,前：日本工業大学,noname
s86-5,災害避難時における「車両乗り捨て」をもたらす要因分析,日本工業大学,noname
s63-5,三元触媒ポーラス粒子メンブレンフィルターにおける分子拡散による反応促進機構,科学技術振興機構,noname
s63-5,三元触媒ポーラス粒子メンブレンフィルターにおける分子拡散による反応促進機構,上智大学,noname
s34-3,産業用エンジンをベースとした水素エンジンシステムの研究開発,ダイヤゼブラ電機,noname
s34-3,産業用エンジンをベースとした水素エンジンシステムの研究開発,産業技術総合研究所,noname
s34-3,産業用エンジンをベースとした水素エンジンシステムの研究開発,豊田自動織機,noname
s29-4,視線推定AIモデルによるAR-HUD表示内容の煩わしさの定量評価,株,noname
s29-4,視線推定AIモデルによるAR-HUD表示内容の煩わしさの定量評価,自然科学研究機構 基礎生物学研究所,noname
s70-1,持続可能な自動車社会の展望<br>-対応の方向性と課題-,早稲田大学 次世代自動車研究機構,noname
s32-3,自己位置推定に不確実性を持つ車両から観測される周辺交通参加者の位置推定の初期検討,東京大学,noname
s9-4,自然風の変動を再現した数値解析による変調する空力騒音の低減メカニズム検討,神戸大学,noname
s9-4,自然風の変動を再現した数値解析による変調する空力騒音の低減メカニズム検討,神戸大学/理化学研究所,noname
s9-4,自然風の変動を再現した数値解析による変調する空力騒音の低減メカニズム検討,日産自動車,noname
s9-4,自然風の変動を再現した数値解析による変調する空力騒音の低減メカニズム検討,理化学研究所,noname
s54-2,自動運転による狭路すれ違いのための対向車進行軌跡予測手法および軌道計画技術の開発,日立Astemo,noname
s54-2,自動運転による狭路すれ違いのための対向車進行軌跡予測手法および軌道計画技術の開発,日立製作所,noname
s35-2,自動運転モビリティにおけるモデル予測制御による複数サービス指標の改善,日立製作所,noname
s32-5,自動運転車の行動セーフティの評価のための接近度と余裕度の指標提案,神奈川工科大学,noname
s32-5,自動運転車の行動セーフティの評価のための接近度と余裕度の指標提案,筑波大学,noname
s81-5,自動運転用センサ評価に向けた動的気象環境を再現する人工気象室の開発とその評価法（第3報）,エスペック,noname
s38-4,自動車のサーキュラーエコノミー指標の提案 第2報<br>-資源価値と資源循環の質を考慮したサーキュラーエコノミー指標の試算-,トヨタ自動車,noname
s38-4,自動車のサーキュラーエコノミー指標の提案 第2報<br>-資源価値と資源循環の質を考慮したサーキュラーエコノミー指標の試算-,産業技術総合研究所,noname
s38-4,自動車のサーキュラーエコノミー指標の提案 第2報<br>-資源価値と資源循環の質を考慮したサーキュラーエコノミー指標の試算-,豊田中央研究所,noname
s80-1,自動車の安全基準に関する国際・国内動向,国土交通省,noname
s29-1,自動車の視界性能開発におけるバーチャルリアリティ(VR)の活用に関する研究<br>-VR評価と実車評価の比較検証-,スズキ,noname
s74-1,自動車技術会車外騒音部門委員会の活動概要,神奈川大学,noname
s56-2,自動車給油時における燃料タンク内圧が空気巻き込み現象に与える影響とその算出モデル,群馬大学大学院理工学府,noname
s70-3,自動車破砕残渣のマテリアルリサイクル技術の開発,名古屋大学,noname
s63-1,自動二輪車の排ガスに含まれる二酸化炭素の直接回収技術に関する研究,北見工業大学,noname
s77-2,自動二輪車走行時におけるライダーの姿勢・視線・操作と車両運動の同期解析,松江工業高等専門学校,noname
s5-1,湿式多板クラッチの高回転における引き摺りトルク上昇の検討（第3報）,マツダ,noname
s53-2,実車と没入型ドライビングシミュレータにおける交差点右折時の視認行動の評価,SUBARU,noname
s53-2,実車と没入型ドライビングシミュレータにおける交差点右折時の視認行動の評価,群馬大学,noname
s53-2,実車と没入型ドライビングシミュレータにおける交差点右折時の視認行動の評価,群馬大学 / SUBARU,noname
s62-1,社会と技術の関係から技術者倫理を再定義する,慶應義塾大学理工学部機械工学科,noname
s79-3,車椅子乗員の安全確保に向けた拘束装置の提案,滋賀医科大学,noname
s63-2,車載カーボンリサイクル技術に関する研究,北見工業大学,noname
s35-4,車載カメラ映像とマルチモーダル大規模言語モデルによる先進運転支援システムの改善支援技術,日立Astemo,noname
s35-4,車載カメラ映像とマルチモーダル大規模言語モデルによる先進運転支援システムの改善支援技術,日立製作所,noname
s6-6,車載型の代替計測手法を用いたディーゼル乗用車の排出ガス挙動の評価,自動車技術総合機構,noname
s67-1,車室内空気質向上のための車室内微粒子の数値解析,マツダ,noname
s31-3,車対車の信号なし交差点出会い頭事故におけるタクシードライバ・一般ドライバの行動比較,あいおいニッセイ同和損害保険,noname
s31-3,車対車の信号なし交差点出会い頭事故におけるタクシードライバ・一般ドライバの行動比較,東京農工大学,noname
s63-6,車両シミュレーションに適用するDPFモデルの開発とDPF再生制御の検討（第2報）,産業技術総合研究所,noname
s63-6,車両シミュレーションに適用するDPFモデルの開発とDPF再生制御の検討（第2報）,東京電機大学,noname
s63-6,車両シミュレーションに適用するDPFモデルの開発とDPF再生制御の検討（第2報）,東京電機大学大学院,noname
s51-3,車両デザイン検討のための自然言語駆動型3Dデザイン生成技術の研究,本田技研工業,noname
s66-5,車両のタイヤハウス内に設置可能な偏平型ダイナモメータを用いた車両台上試験への適用評価,東洋電機製造,noname
s16-3,車両運動力学と制御設計理論に基づく曲線完全追従を目指したパーフェクト・トラッキング・ドライバモデル<br>-混ぜるな危険！近藤モデルとフィードフォワード-,近畿大学,noname
s19-4,主成分寄与分析手法を用いたラゲッジルーム空間モデル高寄与音響モード抽出手法について,河西工業,noname
s19-4,主成分寄与分析手法を用いたラゲッジルーム空間モデル高寄与音響モード抽出手法について,大阪工業大学,noname
s24-5,樹脂部材を含むボルト締結構造体の減衰性能,東京都市大学,noname
s24-5,樹脂部材を含むボルト締結構造体の減衰性能,東京都市大学大学院,noname
s47-3,充電機能を統合した電気自動車用eAxleの性能向上,本田技術研究所,noname
s22-4,重ね合わせ継ぎ手に対する接合部を考慮した強度評価シミュレーション,山梨大学,noname
s81-2,重回帰モデルによるエンジンの物理量センサー値の予測,マツダ,noname
s72-3,重量EVにおける一充電走行距離の算出手法の検討<br>-試験時間短縮および回生制動特性の考慮-,自動車技術総合機構,noname
s43-5,重量車のエンジン排熱を用いた5kW級ランキンサイクル発電機によるエネルギー回収の実験<br>-第1報　実験装置の構築と動作確認試験-,日本自動車研究所,noname
s43-5,重量車のエンジン排熱を用いた5kW級ランキンサイクル発電機によるエネルギー回収の実験<br>-第1報　実験装置の構築と動作確認試験-,日本大学,noname
s31-4,出会い頭事故防止のための運転介入による減速支援の方法検討,トヨタ自動車,noname
s31-4,出会い頭事故防止のための運転介入による減速支援の方法検討,名古屋大学,noname
s41-4,商用車における車載太陽光発電システムの実現可能性に関する研究<br>-小型配送車を対象とした太陽光発電システムの車載効果の見積もり-,産業技術総合研究所,noname
s41-4,商用車における車載太陽光発電システムの実現可能性に関する研究<br>-小型配送車を対象とした太陽光発電システムの車載効果の見積もり-,早稲田大学,noname
s57-4,小型2ストローク対向ピストン型パワーユニットの研究,日本大学,noname
s57-4,小型2ストローク対向ピストン型パワーユニットの研究,日本大学大学院,noname
s39-5,小型水冷式燃料電池システム開発,トヨタ紡織,noname
s59-6,省燃費フラット粘度オイル JASO GLV-2油 0W-16の開発,ENEOS株式会社,noname
s59-6,省燃費フラット粘度オイル JASO GLV-2油 0W-16の開発,トヨタ自動車,noname
s45-2,乗用車空調音におけるSD法による音質評価,セキソー,noname
s66-4,振動疲労におけるAE波の振動モードを利用した初期損傷検出技術,エステック,noname
s27-5,振動抑制項を加えた多項式回帰による車両の軌道追従制御,本田技術研究所,noname
s50-2,深層学習による車両損壊程度の自動検知に関する研究,アデレード大学,noname
s50-2,深層学習による車両損壊程度の自動検知に関する研究,日本医科大学,noname
s50-2,深層学習による車両損壊程度の自動検知に関する研究,日本大学,noname
s16-4,深層学習座標変換を用いた車両運動の解析,防衛大学校,noname
s79-5,人体有限要素モデルを用いた電動キックボード事故時の傷害メカニズムの検討,関西大学,noname
s14-3,水系塗料を用いた樹脂グレージング用ハードコート材の開発,旭化成,noname
s14-3,水系塗料を用いた樹脂グレージング用ハードコート材の開発,株式会社レニアス,noname
s59-4,水素エンジンにおいて乳化したエンジンオイルの水分蒸発特性に関する研究,東京都市大学,noname
s34-4,水素エンジンの異常燃焼に関する研究<br>-ノッキング予測モデルの構築-,豊田自動織機,noname
s34-4,水素エンジンの異常燃焼に関する研究<br>-ノッキング予測モデルの構築-,豊田中央研究所,noname
s33-6,水素エンジンの異常燃焼のメカニズム解明（第二報　可視化による異常燃焼箇所の調査）,スズキ,noname
s33-1,水素専焼エンジン油圧パワーショベルの実証試験に基づく排気特性と燃費性能の評価,フラットフィールド,noname
s33-1,水素専焼エンジン油圧パワーショベルの実証試験に基づく排気特性と燃費性能の評価,株式会社オリエンタルコンサルタンツ,noname
s33-1,水素専焼エンジン油圧パワーショベルの実証試験に基づく排気特性と燃費性能の評価,金沢工業大学,noname
s33-1,水素専焼エンジン油圧パワーショベルの実証試験に基づく排気特性と燃費性能の評価,東京都市大学,noname
s1-3,水素噴流モデルによる筒内水素混合気形成の水素燃焼への影響調査,カワサキモータース,noname
s1-3,水素噴流モデルによる筒内水素混合気形成の水素燃焼への影響調査,川崎重工業,noname
s15-4,水平リサイクルに向けた廃車より回収したシートベルトウェビングの製造年分布と汚れ・劣化状態の分析(第1報),住化分析センター,noname
s15-4,水平リサイクルに向けた廃車より回収したシートベルトウェビングの製造年分布と汚れ・劣化状態の分析(第1報),本田技術研究所,noname
s32-4,生活道路における速度決定機械学習モデル改良のための潜在リスク地点抽出手法の初期検討,東京大学,noname
s10-5,生成AIが変えるデザインプロセスと知的財産権の対応,Final Aim,noname
s74-4,生成AI技術を活用した交通騒音データ生成に関する検討<br>-潜在空間のパラメータ操作による交通騒音生成の可能性-,沼津高専,noname
s74-4,生成AI技術を活用した交通騒音データ生成に関する検討<br>-潜在空間のパラメータ操作による交通騒音生成の可能性-,沼津高専専攻科,noname
s55-1,石油連盟－日本自動車工業会間のCO2低減に関する共同研究（AOIプロジェクト）について<br>-（第3報）-,ENEOS,noname
s55-1,石油連盟－日本自動車工業会間のCO2低減に関する共同研究（AOIプロジェクト）について<br>-（第3報）-,いすゞ自動車,noname
s55-1,石油連盟－日本自動車工業会間のCO2低減に関する共同研究（AOIプロジェクト）について<br>-（第3報）-,トヨタ自動車,noname
s55-1,石油連盟－日本自動車工業会間のCO2低減に関する共同研究（AOIプロジェクト）について<br>-（第3報）-,出光興産,noname
s55-1,石油連盟－日本自動車工業会間のCO2低減に関する共同研究（AOIプロジェクト）について<br>-（第3報）-,日産自動車,noname
s30-1,積層型SPAD距離センサーを用いた長距離高分解能LiDAR,ソニーセミコンダクタソリューションズ,noname
s20-4,接合面で生じる摩擦減衰の振幅依存性とその簡易推定手法に関する検討,ニュートンワークス,noname
s35-5,雪の，Camera・LiDAR・ミリ波Radarに対する反射・統計係数の測定,神奈川工科大学,noname
s35-5,雪の，Camera・LiDAR・ミリ波Radarに対する反射・統計係数の測定,防災科学技術研究所,noname
s31-1,先進安全技術の進化と事故低減効果解析 （第3報）,トヨタ自動車,noname
s53-7,潜在リスクに対するドライバの構え行動を促す情報提供,株式会社デンソー 先端技術研究所,noname
s53-7,潜在リスクに対するドライバの構え行動を促す情報提供,名古屋大学,noname
s73-1,潜熱蓄熱技術を用いたEV用蓄電池保温に関する研究,エフ・シー・シー,noname
s73-1,潜熱蓄熱技術を用いたEV用蓄電池保温に関する研究,北海道大学,noname
s83-3,繊維強化樹脂の異方性物性に関する機械学習による材料データの拡充,セラニーズ,noname
s83-2,繊維配向制御によるCFRTPの強度向上（製品形状の繊維配向への影響）,茨城県産業技術イノベーションセンター,noname
s83-2,繊維配向制御によるCFRTPの強度向上（製品形状の繊維配向への影響）,茨城大学大学院,noname
s29-5,前庭感覚サプライズモデルによる車両挙動評価,マツダ,noname
s78-5,前突時のシート位置による乗員下肢傷害の研究,トヨタ自動車,noname
s69-4,前方路面におけるタイヤ・路面間の摩擦特性推定システム構築に関する研究<br>-前方路面の摩擦特性推定システムに向けたセンサ選定とアルゴリズム構築-,アブソリュート株式会社,noname
s69-4,前方路面におけるタイヤ・路面間の摩擦特性推定システム構築に関する研究<br>-前方路面の摩擦特性推定システムに向けたセンサ選定とアルゴリズム構築-,大阪産業大学,noname
s69-4,前方路面におけるタイヤ・路面間の摩擦特性推定システム構築に関する研究<br>-前方路面の摩擦特性推定システムに向けたセンサ選定とアルゴリズム構築-,日本大学,noname
s77-1,全天球画像による自動二輪車の位置計測における適切なカメラ配置の検討,茨城工業高等専門学校,noname
s65-1,双方向電源システムを活用した車載バッテリ耐久性評価に関する効率的な試験方法の開発,菊水電子工業,noname
s65-1,双方向電源システムを活用した車載バッテリ耐久性評価に関する効率的な試験方法の開発,明電舎,noname
s77-3,走行中の運動センシングデータを時間スケールを含んだシンボル列へ変換する手法の提案<br>-バイクの歌を聴く-,静岡大学,noname
s73-3,走行中給電による省エネ，省資源社会への貢献,デンソー,noname
s50-1,側面衝突事故時の車両の回転挙動を考慮したΔV算出方法の検討,トヨタ自動車,noname
s17-6,多重連結車の蛇行運動解析,元　成蹊大学,noname
s42-3,太陽光発電システム搭載EV（PVEV）評価ツールの開発,産業技術総合研究所,noname
s29-6,対話型ユーザインタフェースの認知負荷の簡便な計測法の開発(第2報),名古屋大学,noname
s83-1,耐火構造の違いが繊維強化樹脂複合材料の燃焼性に及ぼす影響,ダイキョーニシカワ,noname
s83-1,耐火構造の違いが繊維強化樹脂複合材料の燃焼性に及ぼす影響,マツダ,noname
s83-1,耐火構造の違いが繊維強化樹脂複合材料の燃焼性に及ぼす影響,岐阜大学,noname
s83-1,耐火構造の違いが繊維強化樹脂複合材料の燃焼性に及ぼす影響,広島大学,noname
s17-1,大型車の自動運転の実用化に向けた空気ブレーキ系を考慮した車両運動シミュレーション,UDトラックス,noname
s79-2,単胎妊婦乗員モデル開発および当該モデルを用いた衝突時の胎盤剥離傷害予測,マツダ,noname
s79-2,単胎妊婦乗員モデル開発および当該モデルを用いた衝突時の胎盤剥離傷害予測,滋賀医科,noname
s38-1,中古部品・再生資源の越境移動と静脈ビジネスの新展開,長崎大学,noname
s38-1,中古部品・再生資源の越境移動と静脈ビジネスの新展開,北海学園大学,noname
s54-1,駐車支援システムの違和感低減に向けた駐車傾向の個人適合及び操舵アシスト,日立Astemo,noname
s54-1,駐車支援システムの違和感低減に向けた駐車傾向の個人適合及び操舵アシスト,日立製作所,noname
s45-1,聴覚的注意モデルによる情報伝達音の聴こえやすさ評価,マツダ,noname
s65-3,直噴ガソリンエンジンの冷間および希釈希薄燃焼における予混合乱流火炎の消炎挙動,SUBARU,noname
s2-5,低圧直噴水素エンジンにおける高噴射率化が熱効率に与える影響,川崎重工業,noname
s2-5,低圧直噴水素エンジンにおける高噴射率化が熱効率に与える影響,東京都市大学,noname
s61-3,低温でのアクチュエータ駆動実機評価 - アルミ電解コンデンサ低温特性の影響調査 -,ACテクノロジーズ,noname
s61-3,低温でのアクチュエータ駆動実機評価 - アルミ電解コンデンサ低温特性の影響調査 -,KOA,noname
s61-3,低温でのアクチュエータ駆動実機評価 - アルミ電解コンデンサ低温特性の影響調査 -,シーメンス,noname
s61-3,低温でのアクチュエータ駆動実機評価 - アルミ電解コンデンサ低温特性の影響調査 -,デンソー,noname
s61-3,低温でのアクチュエータ駆動実機評価 - アルミ電解コンデンサ低温特性の影響調査 -,ルビコン,noname
s61-3,低温でのアクチュエータ駆動実機評価 - アルミ電解コンデンサ低温特性の影響調査 -,東芝デバイス＆ストレージ,noname
s61-3,低温でのアクチュエータ駆動実機評価 - アルミ電解コンデンサ低温特性の影響調査 -,名古屋工業大学,noname
s61-3,低温でのアクチュエータ駆動実機評価 - アルミ電解コンデンサ低温特性の影響調査 -,名古屋大学,noname
s74-2,低周波数成分を含む自動車単体騒音に対する主観評価,小林理学研究所,noname
s74-2,低周波数成分を含む自動車単体騒音に対する主観評価,神奈川県環境科学センター/神奈川大学,noname
s74-2,低周波数成分を含む自動車単体騒音に対する主観評価,神奈川大学,noname
s74-2,低周波数成分を含む自動車単体騒音に対する主観評価,神奈川大学大学院,noname
s74-2,低周波数成分を含む自動車単体騒音に対する主観評価,大同大学,noname
s52-2,低速車両における経路追従制御（第3報）,FUTU-RE(フューチャー,noname
s59-7,低粘度EVフルードにおける添加剤の変質と摩擦特性の関係,日産アーク,noname
s65-2,点火時期を遅角した場合の質量燃焼割合50%クランク角度と指圧波形中の低次周波数成分との関係,本田技術研究所,noname
s65-2,点火時期を遅角した場合の質量燃焼割合50%クランク角度と指圧波形中の低次周波数成分との関係,明治大学,noname
s47-4,電界結合方式による複数台のAGVへの走行中ワイヤレス給電,ミライズテクノロジーズ,noname
s56-1,電気自動車の導入に伴うO3とPM2.5の地表面濃度への影響<br>-ヒートアイランド緩和効果の重要性とヒト健康リスク評価-,産業技術総合研究所,noname
s56-1,電気自動車の導入に伴うO3とPM2.5の地表面濃度への影響<br>-ヒートアイランド緩和効果の重要性とヒト健康リスク評価-,東京大学大学院,noname
s81-4,電装部品における実車ノイズ評価予測技術について,株式会社 Sohwa &amp; Sophia Technologies,noname
s85-6,電動キックボードのメタ認知運転教育の提案と効果検証,あいおいニッセイ同和損害保険株式会社,noname
s85-6,電動キックボードのメタ認知運転教育の提案と効果検証,香川大学,noname
s47-1,電動化機器を搭載したxEVの効率的なHILS検証手法について<br>--因果モデルを用いたリアルタイム検証--,MCOR,noname
s60-5,電動化車両における，インバータ，モータの各設計変更に伴うCN（Carbon Neutral）の相互影響予測,アイシン,noname
s60-5,電動化車両における，インバータ，モータの各設計変更に伴うCN（Carbon Neutral）の相互影響予測,デジタルツインズ,noname
s60-5,電動化車両における，インバータ，モータの各設計変更に伴うCN（Carbon Neutral）の相互影響予測,日立Astemo,noname
s47-2,電動車冷却システムにおけるポンプ起動の効率化技術,株式会社アイシン,noname
s52-3,電動小型低速車両(LLV)における加速・減速時の乗員挙動と主観評価,ヤマハ発動機,noname
s52-3,電動小型低速車両(LLV)における加速・減速時の乗員挙動と主観評価,名古屋大学,noname
s35-3,都市自動運転に向けた強化学習とその獲得モデルの検証,NTTデータオートモビリジェンス研究所,noname
s3-1,筒内直接噴射式火花点火機関の非定常筒内流動場における噴霧形成過程の解明,同志社大学,noname
s3-1,筒内直接噴射式火花点火機関の非定常筒内流動場における噴霧形成過程の解明,同志社大学大学院,noname
s3-1,筒内直接噴射式火花点火機関の非定常筒内流動場における噴霧形成過程の解明,本田技研工業,noname
s1-2,筒内直噴水素エンジンと吸気ポート噴射水素エンジンの排気NOx等の比較,カワサキモータース,noname
s1-2,筒内直噴水素エンジンと吸気ポート噴射水素エンジンの排気NOx等の比較,スズキ,noname
s1-2,筒内直噴水素エンジンと吸気ポート噴射水素エンジンの排気NOx等の比較,ヤマハ発動機,noname
s1-2,筒内直噴水素エンジンと吸気ポート噴射水素エンジンの排気NOx等の比較,本田技研工業,noname
s53-1,動的死角がある場面や自転車を追い越す場面での注意深いドライバの運転行動,自動車技術総合機構,noname
s74-3,道路交通騒音による中途覚醒の客観的評価<br>-ウェアラブルデバイスを用いた試み-,社会システム,noname
s74-3,道路交通騒音による中途覚醒の客観的評価<br>-ウェアラブルデバイスを用いた試み-,神奈川県環境科学センター／神奈川大学,noname
s74-3,道路交通騒音による中途覚醒の客観的評価<br>-ウェアラブルデバイスを用いた試み-,神奈川大学,noname
s74-3,道路交通騒音による中途覚醒の客観的評価<br>-ウェアラブルデバイスを用いた試み-,大同大学,noname
s74-5,道路交通騒音予測モデル“ASJ RTN-Model2023”の概要,九州大芸工,noname
s74-5,道路交通騒音予測モデル“ASJ RTN-Model2023”の概要,東大生研,noname
s74-5,道路交通騒音予測モデル“ASJ RTN-Model2023”の概要,名城大理工,noname
s14-1,内装インパネへのスエード材貼り込み技術構築<br>-Development of Suede Material Application Technology for Interior Instrument Panels.-,本田技研工業,noname
s3-2,内燃機関の設計計算に適用可能な粒径分布予測モデルの開発（第3報）<br>-5成分ガソリンサロゲートに対する検証-,茨城大学 カーボンリサイクルエネルギー研究センター,noname
s3-2,内燃機関の設計計算に適用可能な粒径分布予測モデルの開発（第3報）<br>-5成分ガソリンサロゲートに対する検証-,千葉大学大学院,noname
s3-2,内燃機関の設計計算に適用可能な粒径分布予測モデルの開発（第3報）<br>-5成分ガソリンサロゲートに対する検証-,大分大学,noname
s3-2,内燃機関の設計計算に適用可能な粒径分布予測モデルの開発（第3報）<br>-5成分ガソリンサロゲートに対する検証-,大分大学大学院,noname
s3-2,内燃機関の設計計算に適用可能な粒径分布予測モデルの開発（第3報）<br>-5成分ガソリンサロゲートに対する検証-,日本大学,noname
s76-3,二輪車の力学的要素がフレームの柔軟性に及ぼす影響の解析,久留米工業大学,noname
s76-4,二輪車の力学的要素がフレームの柔軟性に及ぼす影響の解析（第2報）<br>-柔軟性を表す指標の応用例-,久留米工業大学,noname
s76-2,日本語タイトル：<br>内傾機構を備えたパーソナルモビリティビークル(PMV)の制動を伴う障害物回避性能のシミュレーション解析,大阪産業業大学,noname
s76-2,日本語タイトル：<br>内傾機構を備えたパーソナルモビリティビークル(PMV)の制動を伴う障害物回避性能のシミュレーション解析,日本大学,noname
s76-2,日本語タイトル：<br>内傾機構を備えたパーソナルモビリティビークル(PMV)の制動を伴う障害物回避性能のシミュレーション解析,名古屋大学,noname
s7-4,尿素エマルジョン燃料噴霧による混合気形成の光学的解析,東北学院大学,noname
s22-1,熱弾性温度変動を用いたC-SMCの疲労損傷度評価,トヨタ自動車,noname
s22-1,熱弾性温度変動を用いたC-SMCの疲労損傷度評価,京都教育大学,noname
s22-1,熱弾性温度変動を用いたC-SMCの疲労損傷度評価,豊田中央研究所,noname
s30-4,農業のスマート安全に資するトラクタドライビングシミュレータ,宇都宮大学,noname
s30-4,農業のスマート安全に資するトラクタドライビングシミュレータ,東京農工大学,noname
s30-4,農業のスマート安全に資するトラクタドライビングシミュレータ,日本大学,noname
s30-4,農業のスマート安全に資するトラクタドライビングシミュレータ,農研機構,noname
s30-4,農業のスマート安全に資するトラクタドライビングシミュレータ,琉球大学,noname
s43-7,排ガスからの熱回収による熱電発電性能評価,東京電機大学,noname
s20-3,半無響環境PT-VRSの車両振動騒音開発への適用,トヨタ自動車,noname
s82-4,非線形性をもつ自動車シート用ウレタンフォームの動的粘弾性測定,SUBARU,noname
s82-4,非線形性をもつ自動車シート用ウレタンフォームの動的粘弾性測定,群馬大学,noname
s82-4,非線形性をもつ自動車シート用ウレタンフォームの動的粘弾性測定,日本発条,noname
s13-1,部材一体化を実現するホットスタンプブロー成形工法の開発,株式会社　今西製作所,noname
s13-1,部材一体化を実現するホットスタンプブロー成形工法の開発,住友重機械工業,noname
s13-1,部材一体化を実現するホットスタンプブロー成形工法の開発,日本製鉄,noname
s44-4,部品公差による車両音感度分散範囲の高速予測手法開発,日産自動車,noname
s44-4,部品公差による車両音感度分散範囲の高速予測手法開発,日本CDH,noname
s9-5,風切り音性能開発を目的とした，Aピラー周りの剥離点予測に必要なCFD空間解像度の検討,オートテクニックジャパン,noname
s9-5,風切り音性能開発を目的とした，Aピラー周りの剥離点予測に必要なCFD空間解像度の検討,パーソルクロステクノロジー,noname
s9-5,風切り音性能開発を目的とした，Aピラー周りの剥離点予測に必要なCFD空間解像度の検討,ホンダテクノフォート,noname
s9-5,風切り音性能開発を目的とした，Aピラー周りの剥離点予測に必要なCFD空間解像度の検討,本田技研工業,noname
s7-5,副室式ディーゼルエンジン車を用いたシャシダイナモメータ試験による尿素エマルジョン燃料の性能評価,東北学院大学,noname
s27-4,複数のアプローチによる自動緊急回避ベンチマーク問題の解法探索,本田技術研究所,noname
s22-3,複数の破壊形態を考慮した点接合部の疲労強度予測手法<br>-Flow Drilling Screw (FDS)の疲労強度予測手法-,トヨタ自動車,noname
s63-3,物理吸着法によるエンジン排気からのCO₂分離・回収<br>-ガソリンエンジンとディーゼルエンジンの排気特性の違いがCO₂の吸着・脱離特性に及ぼす影響-,静岡理工科大学,noname
s6-3,噴孔オフセットノズルを用いた高圧縮比ディーゼル機関の熱効率向上,新エィシーイー,noname
s79-1,平均体型女性バーチャル人体モデルの開発,トヨタ自動車,noname
s19-3,平面構造物における瞬時振動インテンシティの計測手法,SUBARU,noname
s19-3,平面構造物における瞬時振動インテンシティの計測手法,SUBARU / 神奈川大学,noname
s19-3,平面構造物における瞬時振動インテンシティの計測手法,神奈川大学,noname
s85-3,歩行者エージェントモデルの構築に向けたMR歩行者シミュレータの開発とシミュレータ実験データベース構築の提案,香川大学,noname
s85-3,歩行者エージェントモデルの構築に向けたMR歩行者シミュレータの開発とシミュレータ実験データベース構築の提案,三咲デザイン,noname
s22-5,密閉鍛造方式による異種金属パイプ材回転摩擦接合(RFW)の解析的検討<br>-MBD手法を用いた工法条件の適正化-,アトリCAE,noname
s17-4,目標車両モデルを内包するモデル予測制御を用いた走行安定化技術,日立Astemo,noname
s17-4,目標車両モデルを内包するモデル予測制御を用いた走行安定化技術,日立製作所,noname
s21-2,様々な負荷スペクトル下でのeMotorのNVHシミュレーションプロセス全体の提案と測定値との相関性,Magna Powertrain Engineering Center Steyr GmbH,noname
s21-2,様々な負荷スペクトル下でのeMotorのNVHシミュレーションプロセス全体の提案と測定値との相関性,マグナ・インターナショナル・ジャパン,noname
s46-3,連続出力向上を達成するコイル浸漬油冷技術の開発,Astemo,noname
s32-2,路肩堆雪を要因とする市街地におけるハザードの情報提示に関する検討,秋田大学大学院理工学研究科 システムデザイン工学専攻,noname
s32-2,路肩堆雪を要因とする市街地におけるハザードの情報提示に関する検討,北海道大学大学院,noname
s32-2,路肩堆雪を要因とする市街地におけるハザードの情報提示に関する検討,北海道大学大学院工学院,noname
s69-5,路面摩擦計測システム構築に向けた新たな取り組み,株,noname
s69-5,路面摩擦計測システム構築に向けた新たな取り組み,先進路面摩擦データベース研究組合,noname
s69-5,路面摩擦計測システム構築に向けた新たな取り組み,大阪産業大学,noname
s69-5,路面摩擦計測システム構築に向けた新たな取り組み,日本大学,noname
s86-2,論題：　マルチエージェント交通シミュレーションにおける交通参加者エージェントの統<br>一的な経路計画アルゴリズムと実データからのパラメータ推定,三咲デザイン,noname
s86-2,論題：　マルチエージェント交通シミュレーションにおける交通参加者エージェントの統<br>一的な経路計画アルゴリズムと実データからのパラメータ推定,東洋大学,noname
